{
    "initial_removal_fractions": [
        0.375,
        0.3785,
        0.382,
        0.3855,
        0.389,
        0.3925,
        0.396,
        0.3995,
        0.403,
        0.40650000000000003,
        0.41000000000000003
    ],
    "p_giants": [
        0.92,
        0.9,
        0.79,
        0.76,
        0.61,
        0.55,
        0.4,
        0.4,
        0.26,
        0.18,
        0.07
    ],
    "parameters": {
        "N": 2000,
        "average_degree": 4,
        "num_experiments": 100
    }
}