{
    "initial_removal_fractions": [
        0.375,
        0.3785,
        0.382,
        0.3855,
        0.389,
        0.3925,
        0.396,
        0.3995,
        0.403,
        0.40650000000000003,
        0.41000000000000003
    ],
    "p_giants": [
        0.94,
        0.94,
        0.87,
        0.87,
        0.9,
        0.82,
        0.77,
        0.7,
        0.65,
        0.52,
        0.5
    ],
    "parameters": {
        "N": 1000,
        "average_degree": 4,
        "num_experiments": 100
    }
}