{
    "initial_removal_fractions": [
        0.35,
        0.355,
        0.36,
        0.365,
        0.37,
        0.375,
        0.37999999999999995,
        0.38499999999999995,
        0.38999999999999996,
        0.39499999999999996,
        0.39999999999999997,
        0.40499999999999997,
        0.41,
        0.415,
        0.42,
        0.42499999999999993,
        0.42999999999999994,
        0.43499999999999994,
        0.43999999999999995,
        0.44499999999999995,
        0.44999999999999996
    ],
    "p_giants": [
        1.0,
        1.0,
        1.0,
        1.0,
        1.0,
        1.0,
        0.9966666666666667,
        0.89,
        0.5433333333333333,
        0.08333333333333333,
        0.013333333333333334,
        0.0,
        0.0,
        0.0,
        0.0,
        0.0,
        0.0,
        0.0,
        0.0,
        0.0,
        0.0
    ],
    "parameters": {
        "N": 30000,
        "average_degree": 4,
        "num_experiments": 300
    }
}