{
    "initial_removal_fractions": [
        0.375,
        0.3775,
        0.38,
        0.3825,
        0.385,
        0.3875,
        0.39,
        0.3925,
        0.395,
        0.3975,
        0.4,
        0.4025,
        0.405,
        0.40750000000000003,
        0.41000000000000003
    ],
    "p_giants": [
        1.0,
        0.995,
        0.985,
        0.855,
        0.72,
        0.505,
        0.22,
        0.06,
        0.035,
        0.005,
        0.0,
        0.0,
        0.0,
        0.0,
        0.0
    ],
    "parameters": {
        "N": 32000,
        "average_degree": 4,
        "num_experiments": 200
    }
}