{
    "initial_removal_fractions": [
        0.375,
        0.3775,
        0.38,
        0.3825,
        0.385,
        0.3875,
        0.39,
        0.3925,
        0.395,
        0.3975,
        0.4,
        0.4025,
        0.405,
        0.40750000000000003,
        0.41000000000000003
    ],
    "p_giants": [
        1.0,
        0.9533333333333334,
        0.9066666666666666,
        0.86,
        0.7466666666666667,
        0.5133333333333333,
        0.36666666666666664,
        0.14666666666666667,
        0.10666666666666667,
        0.06666666666666667,
        0.006666666666666667,
        0.0,
        0.0,
        0.0,
        0.0
    ],
    "parameters": {
        "N": 16000,
        "average_degree": 4,
        "num_experiments": 150
    }
}