{
    "initial_removal_fractions": [
        0.375,
        0.3775,
        0.38,
        0.3825,
        0.385,
        0.3875,
        0.39,
        0.3925,
        0.395,
        0.3975,
        0.4,
        0.4025,
        0.405,
        0.40750000000000003,
        0.41000000000000003
    ],
    "p_giants": [
        0.855,
        0.85,
        0.815,
        0.78,
        0.7,
        0.645,
        0.655,
        0.545,
        0.475,
        0.4,
        0.345,
        0.28,
        0.235,
        0.2,
        0.175
    ],
    "parameters": {
        "N": 2000,
        "average_degree": 4,
        "num_experiments": 200
    }
}