{
    "initial_removal_fractions": [
        0.375,
        0.3785,
        0.382,
        0.3855,
        0.389,
        0.3925,
        0.396,
        0.3995,
        0.403,
        0.40650000000000003,
        0.41000000000000003
    ],
    "p_giants": [
        0.9733333333333334,
        0.86,
        0.7533333333333333,
        0.72,
        0.6733333333333333,
        0.47333333333333333,
        0.36666666666666664,
        0.24666666666666667,
        0.18,
        0.10666666666666667,
        0.05333333333333334
    ],
    "parameters": {
        "N": 4000,
        "average_degree": 4,
        "num_experiments": 150
    }
}