{
    "initial_removal_fractions": [
        0.375,
        0.3775,
        0.38,
        0.3825,
        0.385,
        0.3875,
        0.39,
        0.3925,
        0.395,
        0.3975,
        0.4,
        0.4025,
        0.405,
        0.40750000000000003,
        0.41000000000000003
    ],
    "p_giants": [
        0.7666666666666667,
        0.7266666666666667,
        0.68,
        0.6333333333333333,
        0.5,
        0.30666666666666664,
        0.26666666666666666,
        0.21333333333333335,
        0.14666666666666667,
        0.08,
        0.06666666666666667,
        0.013333333333333334,
        0.04,
        0.006666666666666667,
        0.02666666666666667
    ],
    "parameters": {
        "N": 4000,
        "average_degree": 4,
        "num_experiments": 150
    }
}