{
    "initial_removal_fractions": [
        0.375,
        0.3775,
        0.38,
        0.3825,
        0.385,
        0.3875,
        0.39,
        0.3925,
        0.395,
        0.3975,
        0.4,
        0.4025,
        0.405,
        0.40750000000000003,
        0.41000000000000003
    ],
    "p_giants": [
        0.985,
        0.96,
        0.905,
        0.825,
        0.695,
        0.505,
        0.43,
        0.25,
        0.12,
        0.06,
        0.05,
        0.005,
        0.005,
        0.0,
        0.0
    ],
    "parameters": {
        "N": 16000,
        "average_degree": 4,
        "num_experiments": 200
    }
}