{
    "initial_removal_fractions": [
        0.375,
        0.3775,
        0.38,
        0.3825,
        0.385,
        0.3875,
        0.39,
        0.3925,
        0.395,
        0.3975,
        0.4,
        0.4025,
        0.405,
        0.40750000000000003,
        0.41000000000000003
    ],
    "p_giants": [
        0.96,
        0.86,
        0.8066666666666666,
        0.8266666666666667,
        0.72,
        0.7866666666666666,
        0.66,
        0.6066666666666667,
        0.5333333333333333,
        0.5133333333333333,
        0.47333333333333333,
        0.3933333333333333,
        0.29333333333333333,
        0.18666666666666668,
        0.21333333333333335
    ],
    "parameters": {
        "N": 2000,
        "average_degree": 4,
        "num_experiments": 150
    }
}