{
    "initial_removal_fractions": [
        0.21375,
        0.21653061224489795,
        0.21931122448979593,
        0.22209183673469388,
        0.22487244897959183,
        0.22765306122448978,
        0.23043367346938776,
        0.2332142857142857,
        0.23599489795918366,
        0.2387755102040816,
        0.2415561224489796,
        0.24433673469387754,
        0.24711734693877552,
        0.24989795918367347,
        0.2526785714285714,
        0.25545918367346937,
        0.2582397959183673,
        0.26102040816326527,
        0.2638010204081632,
        0.26658163265306123,
        0.2693622448979592,
        0.27214285714285713,
        0.2749234693877551,
        0.27770408163265303,
        0.28048469387755104,
        0.28326530612244893,
        0.28604591836734694,
        0.2888265306122449,
        0.29160714285714284,
        0.2943877551020408,
        0.29716836734693874,
        0.2999489795918367,
        0.30272959183673465,
        0.30551020408163265,
        0.3082908163265306,
        0.31107142857142855,
        0.3138520408163265,
        0.31663265306122446,
        0.3194132653061224,
        0.32219387755102036,
        0.32497448979591836,
        0.3277551020408163,
        0.33053571428571427,
        0.3333163265306122,
        0.33609693877551017,
        0.3388775510204082,
        0.34165816326530607,
        0.3444387755102041,
        0.347219387755102,
        0.35
    ],
    "p_giants": [
        1.0,
        1.0,
        1.0,
        1.0,
        1.0,
        1.0,
        1.0,
        1.0,
        1.0,
        1.0,
        1.0,
        1.0,
        1.0,
        1.0,
        1.0,
        1.0,
        1.0,
        1.0,
        0.9933333333333333,
        0.9933333333333333,
        0.9866666666666667,
        0.9766666666666667,
        0.96,
        0.96,
        0.8866666666666667,
        0.8466666666666667,
        0.78,
        0.7066666666666667,
        0.5966666666666667,
        0.54,
        0.37666666666666665,
        0.3233333333333333,
        0.24333333333333335,
        0.19333333333333333,
        0.13333333333333333,
        0.09333333333333334,
        0.04,
        0.01,
        0.016666666666666666,
        0.0033333333333333335,
        0.006666666666666667,
        0.0033333333333333335,
        0.0,
        0.0,
        0.0,
        0.0,
        0.0,
        0.0,
        0.0,
        0.0
    ],
    "parameters": {
        "N": 30000,
        "average_degree": 4,
        "num_experiments": 300,
        "network_type": "SF2.3"
    }
}