{
    "initial_removal_fractions": [
        0.25,
        0.25214285714285717,
        0.2542857142857143,
        0.25642857142857145,
        0.25857142857142856,
        0.26071428571428573,
        0.26285714285714284,
        0.265,
        0.2671428571428571,
        0.2692857142857143,
        0.2714285714285714,
        0.2735714285714286,
        0.2757142857142857,
        0.27785714285714286,
        0.27999999999999997,
        0.28214285714285714,
        0.28428571428571425,
        0.2864285714285714,
        0.2885714285714286,
        0.2907142857142857,
        0.29285714285714287,
        0.295,
        0.29714285714285715,
        0.29928571428571427,
        0.30142857142857143,
        0.30357142857142855,
        0.3057142857142857,
        0.30785714285714283,
        0.31,
        0.3121428571428571,
        0.3142857142857143,
        0.3164285714285714,
        0.31857142857142856,
        0.32071428571428573,
        0.32285714285714284,
        0.32499999999999996,
        0.3271428571428571,
        0.3292857142857143,
        0.3314285714285714,
        0.3335714285714286,
        0.3357142857142857,
        0.33785714285714286,
        0.33999999999999997,
        0.34214285714285714,
        0.3442857142857143,
        0.3464285714285714,
        0.34857142857142853,
        0.3507142857142857,
        0.35285714285714287,
        0.355
    ],
    "p_giants": [
        1.0,
        1.0,
        1.0,
        1.0,
        1.0,
        1.0,
        1.0,
        1.0,
        1.0,
        1.0,
        1.0,
        1.0,
        1.0,
        1.0,
        1.0,
        1.0,
        1.0,
        1.0,
        1.0,
        1.0,
        1.0,
        1.0,
        1.0,
        1.0,
        1.0,
        1.0,
        1.0,
        1.0,
        0.99,
        0.9833333333333333,
        0.9733333333333334,
        0.9533333333333334,
        0.87,
        0.8333333333333334,
        0.6733333333333333,
        0.58,
        0.46,
        0.2866666666666667,
        0.23333333333333334,
        0.12333333333333334,
        0.08333333333333333,
        0.06333333333333334,
        0.03333333333333333,
        0.0033333333333333335,
        0.013333333333333334,
        0.0033333333333333335,
        0.0033333333333333335,
        0.0,
        0.0,
        0.0
    ],
    "parameters": {
        "N": 30000,
        "average_degree": 4,
        "num_experiments": 300,
        "network_type": "SF2.7"
    }
}