{
    "initial_removal_fractions": [
        0.375,
        0.3775,
        0.38,
        0.3825,
        0.385,
        0.3875,
        0.39,
        0.3925,
        0.395,
        0.3975,
        0.4,
        0.4025,
        0.405,
        0.40750000000000003,
        0.41000000000000003
    ],
    "p_giants": [
        0.955,
        0.94,
        0.85,
        0.8,
        0.765,
        0.57,
        0.435,
        0.375,
        0.21,
        0.105,
        0.075,
        0.07,
        0.025,
        0.015,
        0.0
    ],
    "parameters": {
        "N": 8000,
        "average_degree": 4,
        "num_experiments": 200
    }
}