{
    "initial_removal_fractions": [
        0.375,
        0.3775,
        0.38,
        0.3825,
        0.385,
        0.3875,
        0.39,
        0.3925,
        0.395,
        0.3975,
        0.4,
        0.4025,
        0.405,
        0.40750000000000003,
        0.41000000000000003
    ],
    "p_giants": [
        0.93,
        0.875,
        0.85,
        0.775,
        0.665,
        0.67,
        0.56,
        0.5,
        0.39,
        0.335,
        0.18,
        0.14,
        0.125,
        0.085,
        0.05
    ],
    "parameters": {
        "N": 4000,
        "average_degree": 4,
        "num_experiments": 200
    }
}