{
    "initial_removal_fractions": [
        0.375,
        0.3775,
        0.38,
        0.3825,
        0.385,
        0.3875,
        0.39,
        0.3925,
        0.395,
        0.3975,
        0.4,
        0.4025,
        0.405,
        0.40750000000000003,
        0.41000000000000003
    ],
    "p_giants": [
        1.0,
        0.9866666666666667,
        0.98,
        0.98,
        0.8933333333333333,
        0.84,
        0.76,
        0.6733333333333333,
        0.5,
        0.38,
        0.2866666666666667,
        0.19333333333333333,
        0.06,
        0.05333333333333334,
        0.03333333333333333
    ],
    "parameters": {
        "N": 8000,
        "average_degree": 4,
        "num_experiments": 150
    }
}