{
    "initial_removal_fractions": [
        0.375,
        0.3785,
        0.382,
        0.3855,
        0.389,
        0.3925,
        0.396,
        0.3995,
        0.403,
        0.40650000000000003,
        0.41000000000000003
    ],
    "p_giants": [
        0.98,
        0.9333333333333333,
        0.94,
        0.94,
        0.9333333333333333,
        0.8733333333333333,
        0.7933333333333333,
        0.7533333333333333,
        0.7133333333333334,
        0.5333333333333333,
        0.5466666666666666
    ],
    "parameters": {
        "N": 1000,
        "average_degree": 4,
        "num_experiments": 150
    }
}