{
    "initial_removal_fractions": [
        0.375,
        0.3785,
        0.382,
        0.3855,
        0.389,
        0.3925,
        0.396,
        0.3995,
        0.403,
        0.40650000000000003,
        0.41000000000000003
    ],
    "p_giants": [
        0.9416666666666667,
        0.8583333333333333,
        0.8,
        0.7666666666666667,
        0.65,
        0.55,
        0.5166666666666667,
        0.5583333333333333,
        0.43333333333333335,
        0.375,
        0.24166666666666667
    ],
    "parameters": {
        "N": 1000,
        "average_degree": 4,
        "num_experiments": 120
    }
}