{
    "initial_removal_fractions": [
        0.36250000000000004,
        0.36687500000000006,
        0.37125,
        0.37562500000000004,
        0.38,
        0.384375,
        0.38875000000000004,
        0.393125,
        0.3975,
        0.401875,
        0.40625,
        0.410625,
        0.415,
        0.419375,
        0.42374999999999996,
        0.428125,
        0.4325,
        0.43687499999999996,
        0.44125,
        0.44562499999999994,
        0.44999999999999996
    ],
    "p_giants": [
        1.0,
        1.0,
        1.0,
        1.0,
        1.0,
        1.0,
        1.0,
        1.0,
        1.0,
        1.0,
        1.0,
        0.98,
        0.6133333333333333,
        0.04666666666666667,
        0.0,
        0.0,
        0.0,
        0.0,
        0.0,
        0.0,
        0.0
    ],
    "parameters": {
        "N": 30000,
        "average_degree": 4,
        "num_experiments": 300,
        "network_type": "RR"
    }
}