{
    "initial_removal_fractions": [
        0.2875,
        0.29166666666666663,
        0.2958333333333333,
        0.3,
        0.30416666666666664,
        0.3083333333333333,
        0.3125,
        0.31666666666666665,
        0.3208333333333333,
        0.32499999999999996,
        0.3291666666666666,
        0.3333333333333333,
        0.33749999999999997,
        0.3416666666666666,
        0.3458333333333333,
        0.35,
        0.35416666666666663,
        0.3583333333333333,
        0.36249999999999993,
        0.36666666666666664,
        0.3708333333333333,
        0.37499999999999994,
        0.37916666666666665,
        0.3833333333333333,
        0.38749999999999996,
        0.3916666666666666,
        0.39583333333333326,
        0.39999999999999997,
        0.4041666666666666,
        0.40833333333333327,
        0.4125,
        0.41666666666666663,
        0.4208333333333333,
        0.42499999999999993,
        0.4291666666666666,
        0.4333333333333333,
        0.43749999999999994,
        0.4416666666666666,
        0.4458333333333333,
        0.44999999999999996
    ],
    "p_giants": [
        1.0,
        1.0,
        1.0,
        1.0,
        1.0,
        1.0,
        1.0,
        1.0,
        1.0,
        1.0,
        1.0,
        1.0,
        1.0,
        1.0,
        0.99,
        0.99,
        0.9633333333333334,
        0.8933333333333333,
        0.8066666666666666,
        0.65,
        0.5,
        0.33666666666666667,
        0.20666666666666667,
        0.08333333333333333,
        0.03666666666666667,
        0.013333333333333334,
        0.01,
        0.0033333333333333335,
        0.0,
        0.0,
        0.0,
        0.0,
        0.0,
        0.0,
        0.0,
        0.0,
        0.0,
        0.0,
        0.0,
        0.0
    ],
    "parameters": {
        "N": 30000,
        "average_degree": 4,
        "num_experiments": 300,
        "network_type": "SF3"
    }
}