{
    "initial_removal_fractions": [
        0.25,
        0.2540816326530612,
        0.25816326530612244,
        0.26224489795918365,
        0.26632653061224487,
        0.27040816326530615,
        0.27448979591836736,
        0.2785714285714286,
        0.2826530612244898,
        0.286734693877551,
        0.29081632653061223,
        0.29489795918367345,
        0.29897959183673467,
        0.3030612244897959,
        0.30714285714285716,
        0.3112244897959184,
        0.3153061224489796,
        0.3193877551020408,
        0.32346938775510203,
        0.32755102040816325,
        0.33163265306122447,
        0.3357142857142857,
        0.3397959183673469,
        0.3438775510204082,
        0.34795918367346934,
        0.3520408163265306,
        0.35612244897959183,
        0.36020408163265305,
        0.36428571428571427,
        0.3683673469387755,
        0.3724489795918367,
        0.3765306122448979,
        0.3806122448979592,
        0.38469387755102036,
        0.38877551020408163,
        0.39285714285714285,
        0.39693877551020407,
        0.4010204081632653,
        0.4051020408163265,
        0.4091836734693878,
        0.41326530612244894,
        0.4173469387755102,
        0.4214285714285714,
        0.42551020408163265,
        0.42959183673469387,
        0.4336734693877551,
        0.4377551020408163,
        0.4418367346938775,
        0.44591836734693874,
        0.44999999999999996
    ],
    "p_giants": [
        1.0,
        1.0,
        1.0,
        1.0,
        1.0,
        1.0,
        1.0,
        1.0,
        1.0,
        1.0,
        1.0,
        1.0,
        1.0,
        1.0,
        1.0,
        1.0,
        1.0,
        1.0,
        1.0,
        1.0,
        1.0,
        1.0,
        1.0,
        1.0,
        1.0,
        1.0,
        1.0,
        1.0,
        1.0,
        1.0,
        1.0,
        0.99,
        0.9233333333333333,
        0.8433333333333334,
        0.63,
        0.3333333333333333,
        0.12,
        0.03666666666666667,
        0.01,
        0.0033333333333333335,
        0.0,
        0.0,
        0.0,
        0.0,
        0.0,
        0.0,
        0.0,
        0.0,
        0.0,
        0.0
    ],
    "parameters": {
        "N": 30000,
        "average_degree": 4,
        "num_experiments": 300,
        "network_type": "SF2.7"
    }
}