{
    "initial_removal_fractions": [
        0.275,
        0.2808333333333334,
        0.2866666666666667,
        0.29250000000000004,
        0.29833333333333334,
        0.3041666666666667,
        0.31,
        0.31583333333333335,
        0.32166666666666666,
        0.3275,
        0.3333333333333333,
        0.33916666666666667,
        0.345,
        0.35083333333333333,
        0.3566666666666667,
        0.3625,
        0.3683333333333333,
        0.37416666666666665,
        0.38,
        0.3858333333333333,
        0.3916666666666666,
        0.39749999999999996,
        0.4033333333333333,
        0.4091666666666666,
        0.415,
        0.4208333333333333,
        0.42666666666666664,
        0.4325,
        0.4383333333333333,
        0.4441666666666666,
        0.44999999999999996
    ],
    "p_giants": [
        1.0,
        1.0,
        1.0,
        1.0,
        1.0,
        1.0,
        1.0,
        1.0,
        1.0,
        1.0,
        1.0,
        1.0,
        1.0,
        1.0,
        1.0,
        1.0,
        1.0,
        1.0,
        1.0,
        1.0,
        1.0,
        1.0,
        1.0,
        1.0,
        1.0,
        1.0,
        1.0,
        1.0,
        1.0,
        1.0,
        1.0
    ],
    "parameters": {
        "N": 30000,
        "average_degree": 4,
        "num_experiments": 300,
        "network_type": "SF3"
    }
}