{
    "initial_removal_fractions": [
        0.21375,
        0.21857142857142856,
        0.22339285714285714,
        0.2282142857142857,
        0.2330357142857143,
        0.23785714285714285,
        0.2426785714285714,
        0.2475,
        0.2523214285714286,
        0.2571428571428571,
        0.2619642857142857,
        0.2667857142857143,
        0.2716071428571428,
        0.2764285714285714,
        0.28125,
        0.28607142857142853,
        0.2908928571428571,
        0.2957142857142857,
        0.30053571428571424,
        0.3053571428571428,
        0.3101785714285714,
        0.31499999999999995,
        0.31982142857142853,
        0.3246428571428571,
        0.32946428571428565,
        0.33428571428571424,
        0.33910714285714283,
        0.34392857142857136,
        0.34874999999999995,
        0.35357142857142854,
        0.35839285714285707,
        0.3632142857142857,
        0.36803571428571424,
        0.3728571428571428,
        0.3776785714285714,
        0.38249999999999995,
        0.38732142857142854,
        0.3921428571428571,
        0.39696428571428566,
        0.40178571428571425,
        0.40660714285714283,
        0.41142857142857137,
        0.41624999999999995,
        0.42107142857142854,
        0.4258928571428571,
        0.43071428571428566,
        0.43553571428571425,
        0.4403571428571428,
        0.44517857142857137,
        0.44999999999999996
    ],
    "p_giants": [
        1.0,
        1.0,
        1.0,
        1.0,
        1.0,
        1.0,
        1.0,
        0.99,
        0.95,
        0.9266666666666666,
        0.93,
        0.82,
        0.7633333333333333,
        0.6366666666666667,
        0.5633333333333334,
        0.5066666666666667,
        0.3933333333333333,
        0.3,
        0.16666666666666666,
        0.10333333333333333,
        0.09,
        0.04666666666666667,
        0.03,
        0.006666666666666667,
        0.016666666666666666,
        0.016666666666666666,
        0.0033333333333333335,
        0.006666666666666667,
        0.0,
        0.0,
        0.0,
        0.0,
        0.0,
        0.0,
        0.0,
        0.0,
        0.0,
        0.0,
        0.0,
        0.0,
        0.0,
        0.0033333333333333335,
        0.0,
        0.0033333333333333335,
        0.0,
        0.0,
        0.0,
        0.0,
        0.0,
        0.0
    ],
    "parameters": {
        "N": 30000,
        "average_degree": 4,
        "num_experiments": 300,
        "network_type": "SF2.3"
    }
}