{
    "initial_removal_fractions": [
        0.275,
        0.2785714285714286,
        0.28214285714285714,
        0.28571428571428575,
        0.2892857142857143,
        0.29285714285714287,
        0.29642857142857143,
        0.3,
        0.3035714285714286,
        0.30714285714285716,
        0.3107142857142857,
        0.3142857142857143,
        0.31785714285714284,
        0.32142857142857145,
        0.325,
        0.32857142857142857,
        0.33214285714285713,
        0.33571428571428574,
        0.3392857142857143,
        0.34285714285714286,
        0.3464285714285714,
        0.35,
        0.35357142857142854,
        0.35714285714285715,
        0.3607142857142857,
        0.36428571428571427,
        0.3678571428571428,
        0.37142857142857144,
        0.375,
        0.37857142857142856,
        0.3821428571428571,
        0.3857142857142857,
        0.38928571428571423,
        0.39285714285714285,
        0.3964285714285714,
        0.39999999999999997,
        0.4035714285714286,
        0.40714285714285714,
        0.4107142857142857,
        0.41428571428571426,
        0.4178571428571428,
        0.4214285714285714,
        0.42499999999999993,
        0.4285714285714285,
        0.4321428571428571,
        0.43571428571428567,
        0.4392857142857143,
        0.44285714285714284,
        0.4464285714285714,
        0.44999999999999996
    ],
    "p_giants": [
        1.0,
        1.0,
        1.0,
        1.0,
        1.0,
        1.0,
        1.0,
        1.0,
        1.0,
        1.0,
        1.0,
        1.0,
        1.0,
        1.0,
        1.0,
        1.0,
        1.0,
        1.0,
        1.0,
        1.0,
        1.0,
        1.0,
        1.0,
        1.0,
        1.0,
        1.0,
        1.0,
        1.0,
        0.99,
        0.98,
        0.9133333333333333,
        0.78,
        0.5633333333333334,
        0.36666666666666664,
        0.17666666666666667,
        0.06333333333333334,
        0.03,
        0.0033333333333333335,
        0.0,
        0.0,
        0.0,
        0.0,
        0.0,
        0.0,
        0.0,
        0.0,
        0.0,
        0.0,
        0.0,
        0.0
    ],
    "parameters": {
        "N": 30000,
        "average_degree": 4,
        "num_experiments": 300,
        "network_type": "SF2.7"
    }
}